Product name :Apple iPhone 6s (Space Grey| 32 GB)
Price :Rs.32999
product rating :4.5

Product name :Apple iPhone 6s (Gold| 32 GB)
Price :Rs.32999
product rating :4.4

Product name :Apple iPhone SE (Space Grey| 32 GB)
Price :Rs.18999
product rating :4.5

Product name :Apple iPhone 6s (Rose Gold| 32 GB)
Price :Rs.32999
product rating :4.4

Product name :Apple iPhone 7 (Black| 32 GB)
Price :Rs.46999
product rating :4.5

Product name :Apple iPhone SE (Rose Gold| 32 GB)
Price :Rs.18999
product rating :4.5

Product name :Apple iPhone 6 (Space Grey| 32 GB)
Price :Rs.24999
product rating :4.4

Product name :Apple iPhone SE (Gold| 32 GB)
Price :Rs.18999
product rating :4.5

Product name :Apple iPhone 7 (Rose Gold| 32 GB)
Price :Rs.46999
product rating :4.5

Product name :Apple iPhone 6s Plus (Rose Gold| 32 GB)
Price :Rs.38999
product rating :4.4

Product name :Apple iPhone 6s (Silver| 32 GB)
Price :Rs.33999
product rating :4.4

Product name :Apple iPhone 7 (Gold| 32 GB)
Price :Rs.46999
product rating :4.5

Product name :Apple iPhone 6 (Gold| 32 GB)
Price :Rs.25999
product rating :4.4

Product name :Apple iPhone 6s Plus (Gold| 32 GB)
Price :Rs.38999
product rating :4.4

Product name :Apple iPhone 6s Plus (Space Grey| 32 GB)
Price :Rs.39999
product rating :4.5

Product name :Apple iPhone X (Space Gray| 64 GB)
Price :Rs.90999
product rating :4.6

Product name :Apple iPhone SE (Silver| 32 GB)
Price :Rs.18999
product rating :4.5

Product name :Apple iPhone 7 (Jet Black| 32 GB)
Price :Rs.46999
product rating :4.5

Product name :Apple iPhone 7 (Silver| 32 GB)
Price :Rs.46999
product rating :4.5

Product name :Apple iPhone 6s Plus (Silver| 32 GB)
Price :Rs.38999
product rating :4.5

Product name :Apple iPhone X (Silver| 64 GB)
Price :Rs.90999
product rating :4.6

Product name :Apple iPhone 8 (Space Grey| 64 GB)
Price :Rs.62999
product rating :4.5

Product name :Apple iPhone XS Max (Space Grey| 256 GB)
Price :Rs.124900
product rating :4.7

Product name :Apple iPhone 8 Plus (Space Grey| 64 GB)
Price :Rs.71999
product rating :4.6

